num_training_examples_observed,loss
0,3.0308001041412354
100,3.0535593032836914
200,3.026078701019287
240,3.0290331840515137
340,3.018927812576294
440,3.021238088607788
480,3.0283942222595215
580,2.9851434230804443
680,3.019770860671997
720,3.028407573699951
820,2.9502100944519043
920,3.0149030685424805
960,3.0246849060058594
1060,2.911499500274658
1160,3.0060348510742188
1200,3.0209460258483887
1300,2.865186929702759
1400,2.991407871246338
1440,3.0169451236724854
1540,2.810983180999756
1640,2.980320692062378
1680,3.016205310821533
1780,2.7445502281188965
1880,2.969235897064209
1920,3.0182604789733887
2020,2.661022663116455
2120,2.9576025009155273
2160,3.0177879333496094
2260,2.5663976669311523
2360,2.937002182006836
2400,3.011539936065674
2500,2.4631314277648926
2600,2.9070544242858887
2640,2.999082565307617
2740,2.3704469203948975
2840,2.8715434074401855
2880,2.9703431129455566
2980,2.2918190956115723
3080,2.8288798332214355
3120,2.9331958293914795
3220,2.2127490043640137
3320,2.7733187675476074
3360,2.8785481452941895
3460,2.1294426918029785
3560,2.7027673721313477
3600,2.800408363342285
3700,2.0284576416015625
3800,2.6178901195526123
3840,2.688335418701172
3940,1.9058048725128174
4040,2.5144271850585938
4080,2.519784927368164
4180,1.7466589212417603
4280,2.4004464149475098
4320,2.290773391723633
4420,1.5222514867782593
4520,2.263943672180176
4560,1.9634572267532349
4660,1.2712002992630005
4760,2.1062819957733154
