{
  "learning_rate": 0.0008253878514942516,
  "momentum": 0.7643463721907878
}