num_training_examples_observed,loss
0,3.0578649044036865
100,3.024810552597046
200,2.9888765811920166
240,3.0762083530426025
340,3.0298349857330322
440,2.8988561630249023
480,3.128329038619995
580,3.0544791221618652
680,2.735408306121826
720,3.2699623107910156
820,3.0482804775238037
920,2.608182430267334
960,3.4479689598083496
1060,2.931032657623291
1160,2.5848941802978516
1200,3.5770936012268066
1300,2.8267195224761963
1400,2.573850393295288
1440,3.6583845615386963
1540,2.7571053504943848
1640,2.565809488296509
1680,3.6873512268066406
1780,2.7369983196258545
1880,2.5477006435394287
1920,3.695110321044922
2020,2.7381365299224854
2120,2.530644416809082
2160,3.6835153102874756
2260,2.7258760929107666
2360,2.517076015472412
2400,3.665090560913086
2500,2.707925796508789
2600,2.4997711181640625
2640,3.6501688957214355
2740,2.719345808029175
2840,2.490856409072876
2880,3.602949857711792
2980,2.723320960998535
3080,2.482670783996582
3120,3.5425291061401367
3220,2.7221689224243164
3320,2.4721531867980957
3360,3.426194667816162
3460,2.706699848175049
3560,2.4778831005096436
3600,3.2806129455566406
3700,2.6845932006835938
3800,2.452587366104126
3840,3.137545108795166
3940,2.6178765296936035
4040,2.4399988651275635
4080,2.9586915969848633
4180,2.5251095294952393
4280,2.3887481689453125
4320,2.785975456237793
4420,2.409040927886963
4520,2.415653944015503
4560,2.6355814933776855
4660,2.2152957916259766
4760,2.4190115928649902
