num_training_examples_observed,loss
0,2.9895272254943848
100,2.831425905227661
200,2.9707908630371094
240,2.9957797527313232
340,2.760239839553833
440,2.9727773666381836
480,3.005437135696411
580,2.699646234512329
680,2.9773168563842773
720,3.0071825981140137
820,2.65777587890625
920,2.9770700931549072
960,3.0107011795043945
1060,2.600233793258667
1160,2.975759744644165
1200,3.013779640197754
1300,2.5256383419036865
1400,2.975837469100952
1440,3.0133934020996094
1540,2.424525737762451
1640,2.969897508621216
1680,3.0041134357452393
1780,2.303528308868408
1880,2.953157901763916
1920,2.973628520965576
2020,2.171322822570801
2120,2.93719482421875
2160,2.890454053878784
2260,2.0003957748413086
2360,2.8780457973480225
2400,2.739096164703369
2500,1.7625067234039307
2600,2.801085948944092
2640,2.352634906768799
2740,1.4291131496429443
2840,2.6760408878326416
2880,1.7351269721984863
2980,1.047389268875122
3080,2.4700095653533936
3120,1.061730146408081
3220,0.6962031126022339
3320,2.059605598449707
3360,0.5638784766197205
3460,0.4255838394165039
3560,1.6312912702560425
3600,0.2492334097623825
3700,0.23468990623950958
3800,1.4410624504089355
3840,0.134596586227417
3940,0.11827532947063446
4040,1.1190786361694336
4080,0.06700640171766281
4180,0.05262526869773865
4280,0.9421650171279907
4320,0.05457250401377678
4420,0.03197764605283737
4520,0.8536700010299683
4560,0.032655268907547
4660,0.021546218544244766
4760,0.8065466284751892
