{"network": {"acc": 0.95662, "std_err": 0.003020662179059414}, "task": {"acc": 0.9346400000000001, "std_err": 0.0050736180384416095}}