{"network": {"acc": 0.89936, "std_err": 0.009407528899769592}, "task": {"acc": 0.8816455696202532, "std_err": 0.010989718578598307}}