num_training_examples_observed,loss
0,3.0077288150787354
100,2.8958449363708496
200,2.841912269592285
240,3.0230119228363037
340,2.9031810760498047
440,2.8301212787628174
480,3.0413026809692383
580,2.9098598957061768
680,2.8220834732055664
720,3.0665736198425293
820,2.9486289024353027
920,2.8027403354644775
960,3.1349072456359863
1060,3.04164719581604
1160,2.761732816696167
1200,3.2844109535217285
1300,3.121267795562744
1400,2.691074848175049
1440,3.4236366748809814
1540,2.9823851585388184
1640,2.6269824504852295
1680,3.5442724227905273
1780,2.8642587661743164
1880,2.5838193893432617
1920,3.6149537563323975
2020,2.802294969558716
2120,2.5714855194091797
2160,3.64985990524292
2260,2.7684292793273926
2360,2.555673360824585
2400,3.6493659019470215
2500,2.7440450191497803
2600,2.5467052459716797
2640,3.5983786582946777
2740,2.7353014945983887
2840,2.532309055328369
2880,3.5706191062927246
2980,2.7088518142700195
3080,2.527360439300537
3120,3.4975063800811768
3220,2.6788461208343506
3320,2.514104127883911
3360,3.418917179107666
3460,2.6529457569122314
3560,2.491629123687744
3600,3.3465776443481445
3700,2.6294829845428467
3800,2.4855446815490723
3840,3.2713541984558105
3940,2.550541877746582
4040,2.4558560848236084
4080,3.1460556983947754
4180,2.444157600402832
4280,2.43796968460083
4320,3.0317256450653076
4420,2.3271684646606445
4520,2.440077304840088
4560,2.8740172386169434
4660,2.147473096847534
4760,2.4692375659942627
