{"network": {"acc": 0.96746, "std_err": 0.0014921796138534955}, "task": {"acc": 0.95128, "std_err": 0.0029789931184881872}}