num_training_examples_observed,loss
0,2.819018602371216
100,2.966400146484375
200,2.8938536643981934
240,2.8139753341674805
340,2.9072265625
440,2.885258674621582
480,2.8076508045196533
580,2.8518266677856445
680,2.8791086673736572
720,2.7971508502960205
820,2.7883310317993164
920,2.8759284019470215
960,2.790100336074829
1060,2.7018256187438965
1160,2.8733646869659424
1200,2.7788162231445312
1300,2.5898430347442627
1400,2.8723812103271484
1440,2.7663047313690186
1540,2.457672357559204
1640,2.8755924701690674
1680,2.756110191345215
1780,2.311375617980957
1880,2.872941493988037
1920,2.746403455734253
2020,2.178598642349243
2120,2.860851287841797
2160,2.686246156692505
2260,2.048128843307495
2360,2.837139368057251
2400,2.5983643531799316
2500,1.876719355583191
2600,2.7969884872436523
2640,2.432749032974243
2740,1.6700801849365234
2840,2.7375173568725586
2880,2.1393680572509766
2980,1.4152199029922485
3080,2.61381459236145
3120,1.6754145622253418
3220,1.1303317546844482
3320,2.3598718643188477
3360,1.0800541639328003
3460,0.8191179037094116
3560,2.060504674911499
3600,0.5092824101448059
3700,0.5630120635032654
3800,1.801416039466858
3840,0.22524818778038025
3940,0.38167884945869446
4040,1.582364559173584
4080,0.10004383325576782
4180,0.27963799238204956
4280,1.257124662399292
4320,0.05941586568951607
4420,0.20886583626270294
4520,1.0396144390106201
4560,0.03840674087405205
4660,0.1513471007347107
4760,0.9001598358154297
