{"network": {"acc": 0.9935062363888341, "std_err": 0.0005578698397784817}, "task": {"acc": 0.999367088607595, "std_err": 0.0006329113924050667}}