{"network": {"acc": 0.9939417937042171, "std_err": 0.0005070777459855661}, "task": {"acc": 0.9981012658227847, "std_err": 0.0012658227848101333}}