num_training_examples_observed,loss
0,3.0066490173339844
100,2.8561694622039795
200,2.9853506088256836
240,3.067213535308838
340,2.77890682220459
440,2.8880746364593506
480,3.1813745498657227
580,2.670375347137451
680,2.706882953643799
720,3.426064968109131
820,2.567080497741699
920,2.555142402648926
960,3.6773059368133545
1060,2.5842742919921875
1160,2.5379505157470703
1200,3.742410898208618
1300,2.589076519012451
1400,2.5483956336975098
1440,3.74961256980896
1540,2.5760130882263184
1640,2.5623958110809326
1680,3.750985622406006
1780,2.5597779750823975
1880,2.576120376586914
1920,3.734933853149414
2020,2.5389442443847656
2120,2.5678212642669678
2160,3.708538770675659
2260,2.50518798828125
2360,2.5799896717071533
2400,3.6721746921539307
2500,2.4830803871154785
2600,2.565293312072754
2640,3.6215949058532715
2740,2.4529011249542236
2840,2.5602684020996094
2880,3.570321559906006
2980,2.4081289768218994
3080,2.564817428588867
3120,3.488966464996338
3220,2.354403495788574
3320,2.533771276473999
3360,3.3959431648254395
3460,2.2614927291870117
3560,2.511807918548584
3600,3.325479507446289
3700,2.1764347553253174
3800,2.504667282104492
3840,3.2446038722991943
3940,2.069326400756836
4040,2.5111899375915527
4080,3.1400516033172607
4180,1.928916573524475
4280,2.508470058441162
4320,2.985049247741699
4420,1.6971924304962158
4520,2.5698580741882324
4560,2.793548107147217
4660,1.4762934446334839
4760,2.657850503921509
