num_training_examples_observed,loss
0,2.8337626457214355
100,2.986257791519165
200,2.9008450508117676
240,2.875323534011841
340,2.958794355392456
440,2.8443515300750732
480,2.9282824993133545
580,2.9266576766967773
680,2.7494242191314697
720,3.041205883026123
820,2.852949619293213
920,2.6019134521484375
960,3.2634201049804688
1060,2.744042158126831
1160,2.5251317024230957
1200,3.474003791809082
1300,2.706909656524658
1400,2.5247414112091064
1440,3.5558037757873535
1540,2.6942925453186035
1640,2.517528772354126
1680,3.584249973297119
1780,2.694638252258301
1880,2.52077579498291
1920,3.5788397789001465
2020,2.6690285205841064
2120,2.4958019256591797
2160,3.563971519470215
2260,2.647594928741455
2360,2.4906325340270996
2400,3.5195298194885254
2500,2.6267638206481934
2600,2.483701229095459
2640,3.462894916534424
2740,2.6015524864196777
2840,2.4799418449401855
2880,3.3895020484924316
2980,2.5368380546569824
3080,2.4711647033691406
3120,3.280092239379883
3220,2.476011276245117
3320,2.454261541366577
3360,3.149103879928589
3460,2.364292621612549
3560,2.4536538124084473
3600,2.9939723014831543
3700,2.246246337890625
3800,2.438138961791992
3840,2.814601421356201
3940,2.061140298843384
4040,2.402963399887085
4080,2.6604995727539062
4180,1.8746905326843262
4280,2.4006996154785156
4320,2.521766185760498
4420,1.7008010149002075
4520,2.459716320037842
4560,2.367342233657837
4660,1.5712406635284424
4760,2.476963996887207
