{"network": {"acc": 0.9939813898237972, "std_err": 0.0004953472976914246}, "task": {"acc": 0.9936708860759493, "std_err": 0.001733299232611274}}