num_training_examples_observed,loss
0,2.8176169395446777
100,2.9345650672912598
200,3.083200454711914
240,2.8266286849975586
340,2.865455150604248
440,3.108380079269409
480,2.8325040340423584
580,2.786372423171997
680,3.130591869354248
720,2.84494686126709
820,2.695761203765869
920,3.1650009155273438
960,2.8594372272491455
1060,2.5915026664733887
1160,3.1883392333984375
1200,2.874741554260254
1300,2.474109172821045
1400,3.1952061653137207
1440,2.897012948989868
1540,2.359149932861328
1640,3.1898741722106934
1680,2.911482334136963
1780,2.25575852394104
1880,3.171999931335449
1920,2.9182984828948975
2020,2.162353992462158
2120,3.150038242340088
2160,2.912078380584717
2260,2.068962574005127
2360,3.1185665130615234
2400,2.8666114807128906
2500,1.958954930305481
2600,3.0789289474487305
2640,2.803272008895874
2740,1.8176727294921875
2840,3.0297555923461914
2880,2.702078104019165
2980,1.6425610780715942
3080,2.9725801944732666
3120,2.5634171962738037
3220,1.4151878356933594
3320,2.868999481201172
3360,2.3171825408935547
3460,1.1554428339004517
3560,2.6728525161743164
3600,1.9837790727615356
3700,0.8960886001586914
3800,2.3295087814331055
3840,1.6123907566070557
3940,0.7040615677833557
4040,1.9521654844284058
4080,1.2177411317825317
4180,0.5920207500457764
4280,1.6656215190887451
4320,0.8998450040817261
4420,0.4529733657836914
4520,1.4117504358291626
4560,0.6263882517814636
4660,0.30992937088012695
4760,1.1618194580078125
