num_training_examples_observed,loss
0,2.9111504554748535
100,2.9270894527435303
200,3.0900468826293945
240,2.9080586433410645
340,2.897395610809326
440,3.0898962020874023
480,2.9038069248199463
580,2.8709347248077393
680,3.0923283100128174
720,2.8948802947998047
820,2.8478777408599854
920,3.0994839668273926
960,2.884971857070923
1060,2.822421073913574
1160,3.1065871715545654
1200,2.874483108520508
1300,2.7984211444854736
1400,3.1155495643615723
1440,2.858893632888794
1540,2.769566059112549
1640,3.1267447471618652
1680,2.8371963500976562
1780,2.7298688888549805
1880,3.1383419036865234
1920,2.8169496059417725
2020,2.6808032989501953
2120,3.148855209350586
2160,2.787745237350464
2260,2.613494396209717
2360,3.161487579345703
2400,2.7375564575195312
2500,2.5258126258850098
2600,3.1774260997772217
2640,2.663295030593872
2740,2.4222559928894043
2840,3.1839733123779297
2880,2.5344905853271484
2980,2.3108580112457275
3080,3.1817235946655273
3120,2.360264539718628
3220,2.184382200241089
3320,3.153771162033081
3360,2.1037354469299316
3460,2.040438652038574
3560,3.0450313091278076
3600,1.7105822563171387
3700,1.8377786874771118
3800,2.935886859893799
3840,1.2298414707183838
3940,1.579542875289917
4040,2.836669921875
4080,0.7551608681678772
4180,1.2608665227890015
4280,2.722580909729004
4320,0.4504767656326294
4420,0.8742892742156982
4520,2.6311256885528564
4560,0.2396235466003418
4660,0.534199595451355
4760,2.460817813873291
