{"network": {"acc": 0.8917200000000001, "std_err": 0.0065252126402133535}, "task": {"acc": 0.9537974683544304, "std_err": 0.006976394837040713}}