{"network": {"acc": 0.9857799999999999, "std_err": 0.0005851495535331038}, "task": {"acc": 0.97972, "std_err": 0.0015107613974416846}}