num_training_examples_observed,loss
0,3.0024752616882324
100,2.7700581550598145
200,2.9599151611328125
240,3.003493309020996
340,2.7459261417388916
440,2.9586451053619385
480,3.0074715614318848
580,2.7212891578674316
680,2.9550909996032715
720,3.0102131366729736
820,2.696104049682617
920,2.953826665878296
960,3.013176918029785
1060,2.6640899181365967
1160,2.95426082611084
1200,3.016336441040039
1300,2.6240789890289307
1400,2.954688787460327
1440,3.0168347358703613
1540,2.5789079666137695
1640,2.9574315547943115
1680,3.0210485458374023
1780,2.5270073413848877
1880,2.958178997039795
1920,3.02858829498291
2020,2.468510150909424
2120,2.961965560913086
2160,3.033522129058838
2260,2.4044039249420166
2360,2.966538429260254
2400,3.0316808223724365
2500,2.3406033515930176
2600,2.9628279209136963
2640,3.027205228805542
2740,2.2783517837524414
2840,2.969297409057617
2880,3.0117387771606445
2980,2.207944393157959
3080,2.9714088439941406
3120,2.9693310260772705
3220,2.145057201385498
3320,2.9710092544555664
3360,2.9019834995269775
3460,2.0620079040527344
3560,2.954895257949829
3600,2.7952544689178467
3700,1.9506069421768188
3800,2.918545961380005
3840,2.6390957832336426
3940,1.7797682285308838
4040,2.87316632270813
4080,2.4009766578674316
4180,1.504765272140503
4280,2.796781063079834
4320,2.080902338027954
4420,1.1412602663040161
4520,2.6035096645355225
4560,1.6329400539398193
4660,0.8612750768661499
4760,2.4259395599365234
