num_training_examples_observed,loss
0,2.9989423751831055
100,2.872023582458496
200,2.876779556274414
240,3.0137550830841064
340,2.853936195373535
440,2.863672971725464
480,3.0313475131988525
580,2.8304808139801025
680,2.8500561714172363
720,3.055461883544922
820,2.7930564880371094
920,2.8364572525024414
960,3.0953657627105713
1060,2.742725133895874
1160,2.8202085494995117
1200,3.16213059425354
1300,2.6687066555023193
1400,2.7925941944122314
1440,3.2813854217529297
1540,2.581756591796875
1640,2.7413291931152344
1680,3.4538960456848145
1780,2.5527143478393555
1880,2.66841983795166
1920,3.6026418209075928
2020,2.592883825302124
2120,2.600017547607422
2160,3.686056613922119
2260,2.634024143218994
2360,2.56083607673645
2400,3.7236080169677734
2500,2.6526589393615723
2600,2.5473392009735107
2640,3.737543821334839
2740,2.6655702590942383
2840,2.537069320678711
2880,3.7349185943603516
2980,2.668682336807251
3080,2.531524658203125
3120,3.7225379943847656
3220,2.6663451194763184
3320,2.526803493499756
3360,3.7104477882385254
3460,2.6622276306152344
3560,2.51404070854187
3600,3.6873388290405273
3700,2.655587673187256
3800,2.5127103328704834
3840,3.653045415878296
3940,2.6501388549804688
4040,2.5010151863098145
4080,3.611182689666748
4180,2.6442670822143555
4280,2.492532253265381
4320,3.5548760890960693
4420,2.634885787963867
4520,2.481818199157715
4560,3.481930732727051
4660,2.618373394012451
4760,2.4709129333496094
