num_training_examples_observed,loss
0,3.07110333442688
100,2.937459945678711
200,3.0852465629577637
240,3.0951731204986572
340,2.915344715118408
440,3.026378870010376
480,3.1248326301574707
580,2.898686170578003
680,2.955554485321045
720,3.169481039047241
820,2.875389575958252
920,2.8259708881378174
960,3.2756950855255127
1060,2.853567361831665
1160,2.657951593399048
1200,3.4288997650146484
1300,2.8045778274536133
1400,2.5870602130889893
1440,3.529999256134033
1540,2.737738609313965
1640,2.5717933177948
1680,3.5920722484588623
1780,2.6898651123046875
1880,2.5612034797668457
1920,3.619964838027954
2020,2.6548614501953125
2120,2.5533435344696045
2160,3.629009246826172
2260,2.628221035003662
2360,2.550499677658081
2400,3.632744789123535
2500,2.6031436920166016
2600,2.5465521812438965
2640,3.609358310699463
2740,2.5787689685821533
2840,2.5419957637786865
2880,3.580653429031372
2980,2.5618772506713867
3080,2.5323612689971924
3120,3.5208592414855957
3220,2.534766435623169
3320,2.527900218963623
3360,3.474870204925537
3460,2.4815688133239746
3560,2.5218734741210938
3600,3.4017395973205566
3700,2.449713706970215
3800,2.5120723247528076
3840,3.319849729537964
3940,2.3763561248779297
4040,2.4922215938568115
4080,3.1611812114715576
4180,2.2792840003967285
4280,2.5010550022125244
4320,3.005547285079956
4420,2.12373685836792
4520,2.4953505992889404
4560,2.888448715209961
4660,1.9242632389068604
4760,2.5455479621887207
