{"network": {"acc": 0.9875200000000002, "std_err": 0.001095627673984188}, "task": {"acc": 0.98088, "std_err": 0.0016082288394379683}}