num_training_examples_observed,loss
0,2.964679718017578
100,2.9213249683380127
200,2.9020347595214844
