{"network": {"acc": 0.95662, "std_err": 0.003020662179059414}, "task": {"acc": 0.91508, "std_err": 0.005844860990648103}}