{"network": {"acc": 0.9637800000000001, "std_err": 0.0007657675887630743}, "task": {"acc": 0.9500400000000001, "std_err": 0.0014344336861632967}}