{"learning_rate": 0.00010722517722295946, "momentum": 0.7977277142927051}