{"learning_rate": 0.001030608122509068, "momentum": 0.02784393448382616}