{
  "cnn": {
    "learning_rate": 0.0012321831030928426,
    "momentum": 0.14936981825912016
  },
  "cbm_joint_lambda_0": {
    "learning_rate": 0.002290176188955617,
    "momentum": 0.0,
    "l1": 32,
    "l2": 100
  },
  "cbm_joint_lambda_0_with_softmax": {
    "learning_rate": 0.001033832047950707, 
    "momentum": 0.35808987572370304, 
    "l1": 72, 
    "l2": 181
  },
  "cnn_lstm_nac": {
    "learning_rate": 0.0016142904507951564,
    "momentum": 0.0,
    "nalu_hidden": 2,
    "lstm_hidden": 128
  },
  "cnn_lstm_nalu": {
    "learning_rate": 0.0016142904507951564,
    "momentum": 0.0,
    "nalu_hidden": 2,
    "lstm_hidden": 128
  }
}