{"network": {"acc": 0.95672, "std_err": 0.002606606989939223}, "task": {"acc": 0.9149200000000001, "std_err": 0.005051178080408555}}