{"cnn_lstm_fashion_False": {"learning_rate": 0.010887951415716204, "momentum": 0.17561033354698596, "lstm_hidden": 32}, "cnn_lstm_fashion_True": {"learning_rate": 0.0011254941664279627, "momentum": 0.6091995287437417, "lstm_hidden": 56}, "cbm_joint_lambda_0_fashion_False": {"learning_rate": 0.0031163715631956383, "momentum": 0.8687298532784071, "l1": 47, "l2": 250}, "cbm_joint_lambda_0_fashion_True": {"learning_rate": 0.0035620934585621935, "momentum": 0.703283338011899, "l1": 41, "l2": 180}, "cbm_joint_lambda_0_with_softmax_fashion_False": {"learning_rate": 0.006707397075136275, "momentum": 0.7453732848325678, "l1": 49, "l2": 149}, "cbm_joint_lambda_0_with_softmax_fashion_True": {"learning_rate": 0.001082544018443522, "momentum": 0.6503443016335789, "l1": 48, "l2": 114},"cnn_lstm_nac_fashion_True": {"learning_rate": 0.0016142904507951564, "momentum": 0.0, "nalu_hidden": 2, "lstm_hidden": 128},"cnn_lstm_nac_fashion_False": {"learning_rate": 0.0016142904507951564, "momentum": 0.0, "nalu_hidden": 2, "lstm_hidden": 128}}