{"cnn_lstm_fashion_True": {"learning_rate": 0.0063371475296941145, "momentum": 0.6936025672494828, "lstm_hidden": 138}, "cbm_joint_lambda_0_fashion_True": {"learning_rate": 0.00372563341354403, "momentum": 0.781030171929981, "l1": 55, "l2": 20}, "cbm_joint_lambda_0_with_softmax_fashion_True": {"learning_rate": 0.014769233141403068, "momentum": 0.573767100773889, "l1": 32, "l2": 94}, "cnn_lstm_fashion_False": {"learning_rate": 0.0024581894213619214, "momentum": 0.8747457719294998, "lstm_hidden": 112}, "cbm_joint_lambda_0_fashion_False": {"learning_rate": 0.002371277495469902, "momentum": 0.8509374052696914, "l1": 34, "l2": 204}, "cbm_joint_lambda_0_with_softmax_fashion_False": {"learning_rate": 0.0048917545498945985, "momentum": 0.71138550943852, "l1": 62, "l2": 104},"cnn_lstm_nac_fashion_True": {"learning_rate": 0.0016142904507951564, "momentum": 0.0, "nalu_hidden": 2, "lstm_hidden": 128},"cnn_lstm_nac_fashion_False": {"learning_rate": 0.0016142904507951564, "momentum": 0.0, "nalu_hidden": 2, "lstm_hidden": 128}}