num_training_examples_observed,loss
0,2.91403865814209
100,2.9978621006011963
200,2.9759743213653564
240,2.914296865463257
340,2.9423227310180664
440,2.971928119659424
480,2.9119133949279785
580,2.8878676891326904
680,2.974292039871216
720,2.913206100463867
820,2.8268961906433105
920,2.9783389568328857
960,2.9109702110290527
1060,2.7520060539245605
1160,2.9806675910949707
1200,2.910399913787842
1300,2.667774200439453
1400,2.983363151550293
1440,2.903536796569824
1540,2.575864791870117
1640,2.9855291843414307
1680,2.894622564315796
1780,2.480480909347534
1880,2.9835448265075684
1920,2.867034435272217
2020,2.400226593017578
2120,2.981569528579712
2160,2.835142135620117
2260,2.3309595584869385
2360,2.9721693992614746
2400,2.805105686187744
2500,2.254469871520996
2600,2.950566530227661
2640,2.7434897422790527
2740,2.168959617614746
2840,2.9225475788116455
2880,2.6499135494232178
2980,2.0664706230163574
3080,2.902505874633789
3120,2.495520830154419
3220,1.9065642356872559
3320,2.8776323795318604
3360,2.256596803665161
3460,1.6427644491195679
3560,2.8043205738067627
3600,1.8416736125946045
3700,1.2680110931396484
3800,2.611921787261963
3840,1.3039644956588745
3940,0.8601787090301514
4040,2.372727394104004
4080,0.8348217606544495
4180,0.5602830052375793
4280,2.0710625648498535
4320,0.39908266067504883
4420,0.41347843408584595
4520,1.7216063737869263
4560,0.179068461060524
4660,0.2524021565914154
4760,1.4554576873779297
