num_training_examples_observed,loss
0,2.819037914276123
100,2.9177281856536865
200,2.9157917499542236
240,2.8844969272613525
340,2.8910720348358154
440,2.895179510116577
480,2.966071128845215
580,2.8592846393585205
680,2.85825252532959
720,3.1185450553894043
820,2.820497751235962
920,2.768598794937134
960,3.3776626586914062
1060,2.826925754547119
1160,2.6574742794036865
1200,3.5653581619262695
1300,2.8323657512664795
1400,2.561927080154419
1440,3.5819082260131836
1540,2.78224778175354
1640,2.542520523071289
1680,3.5676028728485107
1780,2.7334659099578857
1880,2.524190664291382
1920,3.5366828441619873
2020,2.699552059173584
2120,2.512472629547119
2160,3.499943733215332
2260,2.6798181533813477
2360,2.4964871406555176
2400,3.4516947269439697
2500,2.6521191596984863
2600,2.4875025749206543
2640,3.3865859508514404
2740,2.6360275745391846
2840,2.478957414627075
2880,3.308619737625122
2980,2.606990337371826
3080,2.4702281951904297
3120,3.198430061340332
3220,2.5799906253814697
3320,2.4627678394317627
3360,3.10174298286438
3460,2.530984878540039
3560,2.440326690673828
3600,2.9526655673980713
3700,2.4511046409606934
3800,2.4330992698669434
3840,2.819068670272827
3940,2.3496201038360596
4040,2.415050506591797
4080,2.6557137966156006
4180,2.2297589778900146
4280,2.3866634368896484
4320,2.5072216987609863
4420,2.0493674278259277
4520,2.383542537689209
4560,2.3231699466705322
4660,1.840524673461914
4760,2.3921010494232178
