{"network": {"acc": 0.9833400000000001, "std_err": 0.0009447751055145332}, "task": {"loss": {"5": 0.2505794921875, "10": 0.41846166015624997, "15": 1.82588111328125}, "std_err": {"5": 0.014860178230635998, "10": 0.029820645892581033, "15": 0.21251336665605697}}}