{"network": {"acc": 0.98328, "std_err": 0.0005122499389946261}, "task": {"loss": {"5": 0.23281999999999997, "10": 0.6046199999999999, "100": 4.479439999999999}, "std_err": {"5": 0.010577447707268515, "10": 0.03172086694906051, "100": 0.2565486300879426}}}