num_training_examples_observed,loss
0,3.0066308975219727
100,2.9517054557800293
200,2.8235154151916504
240,2.9828484058380127
340,2.8915510177612305
440,2.8356356620788574
480,2.9751057624816895
580,2.830148220062256
680,2.846362829208374
720,2.9701597690582275
820,2.7647650241851807
920,2.849414110183716
960,2.9708592891693115
1060,2.68864369392395
1160,2.8452017307281494
1200,2.975527048110962
1300,2.5937325954437256
1400,2.835749626159668
1440,2.9849367141723633
1540,2.478443145751953
1640,2.8296613693237305
1680,3.0025060176849365
1780,2.337195873260498
1880,2.831515312194824
1920,3.0113377571105957
2020,2.1893086433410645
2120,2.8360533714294434
2160,3.011064052581787
2260,2.024047613143921
2360,2.8629825115203857
2400,2.973828077316284
2500,1.8754689693450928
2600,2.868436098098755
2640,2.907172918319702
2740,1.6930785179138184
2840,2.866945266723633
2880,2.7666313648223877
2980,1.4409836530685425
3080,2.8774375915527344
3120,2.4906749725341797
3220,1.156544804573059
3320,2.7935705184936523
3360,2.072866439819336
3460,0.8526787161827087
3560,2.5274839401245117
3600,1.4610017538070679
3700,0.5987109541893005
3800,2.1954455375671387
3840,0.9098266959190369
3940,0.3978295922279358
4040,1.9917086362838745
4080,0.5286061763763428
4180,0.2637477517127991
4280,1.8053712844848633
4320,0.28724175691604614
4420,0.14517757296562195
4520,1.6552146673202515
4560,0.13262155652046204
4660,0.0967014878988266
4760,1.503708839416504
