{"network": {"acc": 0.97414, "std_err": 0.0007513986957667604}, "task": {"acc": 0.96424, "std_err": 0.0008657944328765283}}