{"network": {"acc": 0.90256, "std_err": 0.001589213642025505}, "task": {"acc": 0.8974683544303798, "std_err": 0.004077246432507954}}