{"network": {"acc": 0.96746, "std_err": 0.0014921796138534955}, "task": {"acc": 0.9362400000000001, "std_err": 0.0028944084024200793}}