{
  "cnn": {
    "learning_rate": 0.0006607731887436399,
    "momentum": 0.41157295422332546
  },
  "cbm_joint_lambda_0": {
    "learning_rate": 0.0016142904507951564,
    "momentum": 0.0,
    "l1": 39,
    "l2": 120
  },
  "cbm_joint_lambda_0_with_softmax": {
    "learning_rate": 0.0006215284723535865,
    "momentum": 0.8364295653299427,
    "l1": 110,
    "l2": 71
  },
  "cnn_lstm_nac": {
    "learning_rate": 0.0016142904507951564,
    "momentum": 0.0,
    "nalu_hidden": 2,
    "lstm_hidden": 128
  },
  "cnn_lstm_nalu": {
    "learning_rate": 0.0016142904507951564,
    "momentum": 0.0,
    "nalu_hidden": 2,
    "lstm_hidden": 128
  }
}