num_training_examples_observed,loss
0,2.9663186073303223
100,2.936915636062622
200,3.0194754600524902
240,3.0176074504852295
340,2.9191982746124268
440,2.9937424659729004
480,3.097419261932373
580,2.8986330032348633
680,2.9646754264831543
720,3.2683544158935547
820,2.8821442127227783
920,2.913485050201416
960,3.538551092147827
1060,2.8568570613861084
1160,2.804306983947754
1200,3.7054250240325928
1300,2.800327777862549
1400,2.689228057861328
1440,3.76534366607666
1540,2.740427017211914
1640,2.644465923309326
1680,3.790879726409912
1780,2.709876537322998
1880,2.6225006580352783
1920,3.784524917602539
2020,2.690903902053833
2120,2.6090571880340576
2160,3.7752199172973633
2260,2.676987886428833
2360,2.5960099697113037
2400,3.746680736541748
2500,2.669320821762085
2600,2.594721555709839
2640,3.7107908725738525
2740,2.6683571338653564
2840,2.5960750579833984
2880,3.6739113330841064
2980,2.6582701206207275
3080,2.5699496269226074
3120,3.6094446182250977
3220,2.639770746231079
3320,2.571320056915283
3360,3.4984130859375
3460,2.619917154312134
3560,2.5581326484680176
3600,3.37358021736145
3700,2.585014581680298
3800,2.5477991104125977
3840,3.2167773246765137
3940,2.5273327827453613
4040,2.4896674156188965
4080,3.10626482963562
4180,2.4702138900756836
4280,2.4745030403137207
4320,2.9401612281799316
4420,2.4158830642700195
4520,2.476284980773926
4560,2.7343149185180664
4660,2.290323257446289
4760,2.328157424926758
