{"network": {"acc": 0.98804, "std_err": 0.000686002915445685}, "task": {"acc": 0.97624, "std_err": 0.0013166624472506201}}