{"network": {"acc": 0.9875200000000002, "std_err": 0.001095627673984188}, "task": {"acc": 0.97528, "std_err": 0.0020857612519173843}}