{"network": {"acc": 0.9939813898237972, "std_err": 0.0004953472976914246}, "task": {"acc": 0.9962025316455696, "std_err": 0.0011840687932828991}}