num_training_examples_observed,loss
0,3.0077571868896484
100,2.8790950775146484
200,3.0170936584472656
240,2.9968373775482178
340,2.86452054977417
440,3.0166544914245605
480,2.9916300773620605
580,2.8501675128936768
680,3.0214686393737793
720,2.99348783493042
820,2.8252811431884766
920,3.0303449630737305
960,2.9950687885284424
1060,2.796743392944336
1160,3.0409765243530273
1200,2.9936537742614746
1300,2.7618515491485596
1400,3.0510377883911133
1440,2.989314079284668
1540,2.719120740890503
1640,3.062476634979248
1680,2.9874725341796875
1780,2.6559503078460693
1880,3.0745420455932617
1920,2.987067699432373
2020,2.5761280059814453
2120,3.081563711166382
2160,2.9882113933563232
2260,2.4627511501312256
2360,3.0804812908172607
2400,2.9873156547546387
2500,2.330679416656494
2600,3.078026533126831
2640,2.980654001235962
2740,2.2131001949310303
2840,3.073275327682495
2880,2.964733600616455
2980,2.0896501541137695
3080,3.06791090965271
3120,2.923098087310791
3220,1.9751015901565552
3320,3.059840202331543
3360,2.8362534046173096
3460,1.811418056488037
3560,3.0280799865722656
3600,2.6665565967559814
3700,1.5948431491851807
3800,2.92832088470459
3840,2.495162010192871
3940,1.32401704788208
4040,2.6293272972106934
4080,2.1673130989074707
4180,1.1091632843017578
4280,2.3007121086120605
4320,1.7739027738571167
4420,0.9009817242622375
4520,2.1153836250305176
4560,1.2437467575073242
4660,0.630087673664093
4760,1.9189810752868652
