{"network": {"acc": 0.9742600000000001, "std_err": 0.0008553361912137317}, "task": {"acc": 0.94916, "std_err": 0.0016302147097852007}}