num_training_examples_observed,loss
0,2.794172763824463
100,3.0098021030426025
200,2.97809100151062
240,2.802826404571533
340,2.946157932281494
440,2.9853415489196777
480,2.804255962371826
580,2.885453462600708
680,2.9944732189178467
720,2.808842658996582
820,2.805936336517334
920,3.0138165950775146
960,2.8067121505737305
1060,2.704484462738037
1160,3.0309371948242188
1200,2.7911112308502197
1300,2.580613374710083
1400,3.0334360599517822
1440,2.768369197845459
1540,2.434000015258789
1640,3.035834550857544
1680,2.722198247909546
1780,2.241020679473877
1880,3.0307579040527344
1920,2.6571526527404785
2020,2.050985813140869
2120,3.0123963356018066
2160,2.5679357051849365
2260,1.8552961349487305
2360,2.9930334091186523
2400,2.365931749343872
2500,1.6296708583831787
2600,2.971949577331543
2640,2.0196151733398438
2740,1.3512667417526245
2840,2.903043746948242
2880,1.5250753164291382
2980,1.015705943107605
3080,2.8341736793518066
3120,0.9868165254592896
3220,0.7789785861968994
3320,2.7955150604248047
3360,0.5909615755081177
3460,0.5521884560585022
3560,2.7289254665374756
3600,0.29327669739723206
3700,0.3092995882034302
3800,2.6054484844207764
3840,0.13227404654026031
3940,0.13831886649131775
4040,2.355299472808838
4080,0.07155659049749374
4180,0.07680245488882065
4280,1.8902565240859985
4320,0.03909091278910637
4420,0.04120846465229988
4520,1.6278798580169678
4560,0.023222152143716812
4660,0.021498849615454674
4760,1.2835290431976318
