{
  "learning_rate": 0.0005404844707369889,
  "momentum": 0.446859063384064
}