{"network": {"acc": 0.89936, "std_err": 0.009407528899769592}, "task": {"acc": 0.9563291139240506, "std_err": 0.0033788222316554965}}