num_training_examples_observed,loss
0,2.952194929122925
100,2.8338165283203125
200,2.9809679985046387
240,2.954045057296753
340,2.814748525619507
440,2.98763370513916
480,2.958188772201538
580,2.7974488735198975
680,2.989960193634033
720,2.9594457149505615
820,2.7803728580474854
920,2.9906537532806396
960,2.9550938606262207
1060,2.7592270374298096
1160,2.9910523891448975
1200,2.9498836994171143
1300,2.738788366317749
1400,2.9921061992645264
1440,2.9459996223449707
1540,2.7163431644439697
1640,2.9935009479522705
1680,2.943255662918091
1780,2.688386917114258
1880,2.995793342590332
1920,2.9403209686279297
2020,2.6559720039367676
2120,2.996872901916504
2160,2.9335052967071533
2260,2.6168642044067383
2360,2.998241901397705
2400,2.9205496311187744
2500,2.5686633586883545
2600,2.9969913959503174
2640,2.9047064781188965
2740,2.5151898860931396
2840,2.9998843669891357
2880,2.8846511840820312
2980,2.4547157287597656
3080,3.0056750774383545
3120,2.861772298812866
3220,2.383178949356079
3320,3.010960578918457
3360,2.830989360809326
3460,2.312345266342163
3560,3.0035078525543213
3600,2.780625343322754
3700,2.21636700630188
3800,2.997683525085449
3840,2.710946559906006
3940,2.093808174133301
4040,3.0066869258880615
4080,2.601172685623169
4180,1.944159984588623
4280,2.999422073364258
4320,2.4195456504821777
4420,1.7634674310684204
4520,2.9916751384735107
4560,2.2084929943084717
4660,1.5351438522338867
4760,2.9436497688293457
